CaneID,WinterBuds,KingFlowers,LateralFlowers,BudBreak,VegetativeShoots,FloralShootPercentage,KingFlowersPerWinterBud,LateralFlowersPerWinterBud,KingFlowersPerFloralShoots
1,17,67,27,94.11764705882352,1,88.23529411764706,3.9411764705882355,1.588235294117647,4.466666666666667
2,19,67,19,89.47368421052632,0,89.47368421052632,3.526315789473684,1,3.9411764705882355
3,16,72,16,100,1,93.75,4.5,1,4.8
4,18,49,14,88.88888888888889,2,77.77777777777779,2.7222222222222223,0.7777777777777778,3.5
5,20,74,36,95,2,85,3.7,1.8,4.352941176470588
6,18,112,38,100,0,100,6.222222222222222,2.111111111111111,6.222222222222222
7,25,48,14,96,6,72,1.92,0.56,2.6666666666666665
8,17,37,13,82.35294117647058,4,58.82352941176471,2.176470588235294,0.7647058823529411,3.7
9,17,67,20,88.23529411764706,0,88.23529411764706,3.9411764705882355,1.1764705882352942,4.466666666666667
10,22,83,79,72.72727272727273,0,72.72727272727273,3.772727272727273,3.590909090909091,5.1875
11,20,68,42,75,0,75,3.4,2.1,4.533333333333333
12,18,115,66,100,0,100,6.388888888888889,3.6666666666666665,6.388888888888889
13,21,133,118,90.47619047619048,0,90.47619047619048,6.333333333333333,5.619047619047619,7
14,24,28,5,87.5,5,66.66666666666666,1.1666666666666667,0.20833333333333334,1.75
15,20,46,21,100,3,85,2.3,1.05,2.7058823529411766
16,16,60,18,93.75,1,87.5,3.75,1.125,4.285714285714286
17,16,21,2,87.5,6,50,1.3125,0.125,2.625
18,16,84,92,81.25,0,81.25,5.25,5.75,6.461538461538462
19,28,113,31,75,0,75,4.035714285714286,1.1071428571428572,5.380952380952381
21,19,51,27,84.21052631578947,2,73.68421052631578,2.6842105263157894,1.4210526315789473,3.642857142857143
22,16,60,18,87.5,0,87.5,3.75,1.125,4.285714285714286
23,18,89,34,100,0,100,4.944444444444445,1.8888888888888888,4.944444444444445
24,16,8,0,93.75,12,18.75,0.5,0,2.6666666666666665
25,18,65,12,100,1,94.44444444444444,3.611111111111111,0.6666666666666666,3.823529411764706
26,18,66,28,100,3,83.33333333333334,3.6666666666666665,1.5555555555555556,4.4
27,21,38,3,95.23809523809523,6,66.66666666666666,1.8095238095238095,0.14285714285714285,2.7142857142857144
28,16,74,21,87.5,0,87.5,4.625,1.3125,5.285714285714286
29,16,62,8,100,2,87.5,3.875,0.5,4.428571428571429
30,13,22,1,76.92307692307692,3,53.84615384615385,1.6923076923076923,0.07692307692307693,3.142857142857143
31,20,79,59,95,0,95,3.95,2.95,4.157894736842105
32,15,44,5,100,1,93.33333333333333,2.933333333333333,0.3333333333333333,3.142857142857143
33,21,83,65,76.19047619047619,0,76.19047619047619,3.9523809523809526,3.0952380952380953,5.1875
34,27,105,9,92.5925925925926,0,92.5925925925926,3.888888888888889,0.3333333333333333,4.2
35,24,97,9,95.83333333333334,1,91.66666666666666,4.041666666666667,0.375,4.409090909090909
36,20,14,0,60,5,35,0.7,0,2
37,22,67,46,77.27272727272727,0,77.27272727272727,3.0454545454545454,2.090909090909091,3.9411764705882355
38,22,32,12,100,9,59.09090909090909,1.4545454545454546,0.5454545454545454,2.4615384615384617
39,21,120,100,85.71428571428572,0,85.71428571428571,5.714285714285714,4.761904761904762,6.666666666666667
40,18,53,6,100,0,100,2.9444444444444446,0.3333333333333333,2.9444444444444446
41,19,55,39,68.42105263157895,1,63.1578947368421,2.8947368421052633,2.0526315789473686,4.583333333333333
42,15,74,52,93.33333333333333,0,93.33333333333333,4.933333333333334,3.466666666666667,5.285714285714286
43,21,76,11,76.19047619047619,0,76.19047619047619,3.619047619047619,0.5238095238095238,4.75
44,18,68,1,94.44444444444444,1,88.88888888888889,3.7777777777777777,0.05555555555555555,4.25
45,19,130,150,84.21052631578947,0,84.21052631578947,6.842105263157895,7.894736842105263,8.125
46,19,84,42,94.73684210526316,1,89.47368421052632,4.421052631578948,2.210526315789474,4.9411764705882355
47,15,9,0,73.33333333333334,6,33.33333333333333,0.6,0,1.8
48,21,104,67,90.47619047619048,0,90.47619047619048,4.9523809523809526,3.1904761904761907,5.473684210526316
49,16,15,0,87.5,7,43.75,0.9375,0,2.142857142857143
50,19,95,61,84.21052631578947,0,84.21052631578947,5,3.210526315789474,5.9375
51,23,87,22,100,0,100,3.782608695652174,0.9565217391304348,3.782608695652174
52,18,82,20,94.44444444444444,0,94.44444444444444,4.555555555555555,1.1111111111111112,4.823529411764706
53,17,60,14,94.11764705882352,2,82.35294117647058,3.5294117647058822,0.8235294117647058,4.285714285714286
54,17,81,4,94.11764705882352,1,88.23529411764706,4.764705882352941,0.23529411764705882,5.4
55,22,128,24,100,0,100,5.818181818181818,1.0909090909090908,5.818181818181818
56,22,127,24,100,0,100,5.7727272727272725,1.0909090909090908,5.7727272727272725
57,13,22,7,84.61538461538461,2,69.23076923076923,1.6923076923076923,0.5384615384615384,2.4444444444444446
58,17,43,6,94.11764705882352,1,88.23529411764706,2.5294117647058822,0.35294117647058826,2.8666666666666667
59,16,8,0,68.75,7,25,0.5,0,2
60,27,115,55,88.88888888888889,0,88.88888888888889,4.2592592592592595,2.037037037037037,4.791666666666667
61,20,71,8,95,1,90,3.55,0.4,3.9444444444444446
62,13,57,30,84.61538461538461,0,84.61538461538461,4.384615384615385,2.3076923076923075,5.181818181818182
63,30,95,13,86.66666666666667,0,86.66666666666667,3.1666666666666665,0.43333333333333335,3.6538461538461537
64,17,64,51,64.70588235294117,0,64.70588235294117,3.764705882352941,3,5.818181818181818
65,20,62,17,85,1,80,3.1,0.85,3.875
66,21,43,0,80.95238095238095,5,57.14285714285714,2.0476190476190474,0,3.5833333333333335
67,23,107,61,82.6086956521739,0,82.6086956521739,4.6521739130434785,2.652173913043478,5.631578947368421
68,21,54,0,100,2,90.47619047619048,2.5714285714285716,0,2.8421052631578947
69,19,90,45,100,0,100,4.7368421052631575,2.3684210526315788,4.7368421052631575
70,20,86,18,95,0,95,4.3,0.9,4.526315789473684
71,14,57,9,100,2,85.71428571428571,4.071428571428571,0.6428571428571429,4.75
72,13,8,3,76.92307692307692,7,23.076923076923077,0.6153846153846154,0.23076923076923078,2.6666666666666665
73,16,16,3,75,8,25,1,0.1875,4
74,17,56,12,100,0,100,3.2941176470588234,0.7058823529411765,3.2941176470588234
75,30,148,84,96.66666666666667,0,96.66666666666667,4.933333333333334,2.8,5.103448275862069
76,36,99,7,91.66666666666666,3,83.33333333333334,2.75,0.19444444444444445,3.3
77,8,18,0,87.5,0,87.5,2.25,0,2.5714285714285716
78,14,60,5,100,0,100,4.285714285714286,0.35714285714285715,4.285714285714286
79,17,60,30,70.58823529411764,0,70.58823529411765,3.5294117647058822,1.7647058823529411,5
80,18,75,33,77.77777777777779,0,77.77777777777779,4.166666666666667,1.8333333333333333,5.357142857142857
81,16,43,4,93.75,2,81.25,2.6875,0.25,3.3076923076923075
82,23,100,21,91.30434782608697,0,91.30434782608695,4.3478260869565215,0.9130434782608695,4.761904761904762
83,12,37,0,91.66666666666666,1,83.33333333333334,3.0833333333333335,0,3.7
84,17,72,19,88.23529411764706,0,88.23529411764706,4.235294117647059,1.1176470588235294,4.8
85,15,33,0,100,1,93.33333333333333,2.2,0,2.357142857142857
86,20,90,2,90,0,90,4.5,0.1,5
87,12,56,17,100,0,100,4.666666666666667,1.4166666666666667,4.666666666666667
88,16,21,4,75,3,56.25,1.3125,0.25,2.3333333333333335
89,12,25,0,100,2,83.33333333333334,2.0833333333333335,0,2.5
90,19,35,8,84.21052631578947,5,57.89473684210527,1.8421052631578947,0.42105263157894735,3.1818181818181817
91,18,66,13,94.44444444444444,2,83.33333333333334,3.6666666666666665,0.7222222222222222,4.4
92,18,110,36,94.44444444444444,0,94.44444444444444,6.111111111111111,2,6.470588235294118
93,19,110,65,89.47368421052632,1,84.21052631578947,5.7894736842105265,3.4210526315789473,6.875
94,19,84,26,94.73684210526316,0,94.73684210526315,4.421052631578948,1.368421052631579,4.666666666666667
95,16,69,26,93.75,0,93.75,4.3125,1.625,4.6
96,19,70,10,100,0,100,3.6842105263157894,0.5263157894736842,3.6842105263157894
97,14,25,0,85.71428571428572,3,64.28571428571429,1.7857142857142858,0,2.7777777777777777
98,13,28,1,100,1,92.3076923076923,2.1538461538461537,0.07692307692307693,2.3333333333333335
99,15,50,9,80,0,80,3.3333333333333335,0.6,4.166666666666667
100,12,51,34,75,0,75,4.25,2.8333333333333335,5.666666666666667
101,16,53,23,81.25,0,81.25,3.3125,1.4375,4.076923076923077
102,17,21,0,76.47058823529412,3,58.82352941176471,1.2352941176470589,0,2.1
103,16,47,0,100,1,93.75,2.9375,0,3.1333333333333333
104,24,82,10,95.83333333333334,1,91.66666666666666,3.4166666666666665,0.4166666666666667,3.727272727272727
105,15,61,6,93.33333333333333,1,86.66666666666667,4.066666666666666,0.4,4.6923076923076925
106,19,80,2,89.47368421052632,0,89.47368421052632,4.2105263157894735,0.10526315789473684,4.705882352941177
107,27,115,13,81.4814814814815,0,81.48148148148148,4.2592592592592595,0.48148148148148145,5.2272727272727275
108,11,55,13,100,1,90.9090909090909,5,1.1818181818181819,5.5
109,17,97,53,100,0,100,5.705882352941177,3.1176470588235294,5.705882352941177
110,25,118,42,88,1,84,4.72,1.68,5.619047619047619
111,16,91,48,100,0,100,5.6875,3,5.6875
112,28,116,89,85.71428571428572,0,85.71428571428571,4.142857142857143,3.1785714285714284,4.833333333333333
113,27,115,44,92.5925925925926,1,88.88888888888889,4.2592592592592595,1.6296296296296295,4.791666666666667
114,22,104,43,100,0,100,4.7272727272727275,1.9545454545454546,4.7272727272727275
115,21,43,1,85.71428571428572,5,61.904761904761905,2.0476190476190474,0.047619047619047616,3.3076923076923075
116,17,52,13,94.11764705882352,2,82.35294117647058,3.0588235294117645,0.7647058823529411,3.7142857142857144
117,22,43,3,95.45454545454545,5,72.72727272727273,1.9545454545454546,0.13636363636363635,2.6875
118,11,42,29,90.9090909090909,0,90.9090909090909,3.8181818181818183,2.6363636363636362,4.2
119,28,93,65,78.57142857142857,0,78.57142857142857,3.3214285714285716,2.3214285714285716,4.2272727272727275
120,15,72,32,86.66666666666667,0,86.66666666666667,4.8,2.1333333333333333,5.538461538461538
121,16,68,17,87.5,1,81.25,4.25,1.0625,5.230769230769231
122,19,72,65,73.6842105263158,0,73.68421052631578,3.789473684210526,3.4210526315789473,5.142857142857143
123,20,61,43,80,0,80,3.05,2.15,3.8125
124,19,75,57,73.6842105263158,0,73.68421052631578,3.9473684210526314,3,5.357142857142857
125,14,51,31,78.57142857142857,0,78.57142857142857,3.642857142857143,2.2142857142857144,4.636363636363637
126,20,50,1,95,3,80,2.5,0.05,3.125
127,16,57,26,81.25,0,81.25,3.5625,1.625,4.384615384615385
128,21,48,14,95.23809523809523,5,71.42857142857143,2.2857142857142856,0.6666666666666666,3.2
129,15,65,26,100,1,93.33333333333333,4.333333333333333,1.7333333333333334,4.642857142857143
130,15,38,0,100,1,93.33333333333333,2.533333333333333,0,2.7142857142857144
131,11,20,1,100,1,90.9090909090909,1.8181818181818181,0.09090909090909091,2
132,11,47,4,100,0,100,4.2727272727272725,0.36363636363636365,4.2727272727272725
133,19,83,36,89.47368421052632,0,89.47368421052632,4.368421052631579,1.894736842105263,4.882352941176471
134,16,55,2,100,2,87.5,3.4375,0.125,3.9285714285714284
135,21,102,35,90.47619047619048,1,85.71428571428571,4.857142857142857,1.6666666666666667,5.666666666666667
136,18,65,53,83.33333333333334,1,77.77777777777779,3.611111111111111,2.9444444444444446,4.642857142857143
137,14,57,4,92.85714285714286,0,92.85714285714286,4.071428571428571,0.2857142857142857,4.384615384615385
138,16,40,10,93.75,1,87.5,2.5,0.625,2.857142857142857
139,16,70,24,100,2,87.5,4.375,1.5,5
140,15,46,4,100,0,100,3.066666666666667,0.26666666666666666,3.066666666666667
141,17,89,49,94.11764705882352,0,94.11764705882352,5.235294117647059,2.8823529411764706,5.5625
142,14,68,61,78.57142857142857,0,78.57142857142857,4.857142857142857,4.357142857142857,6.181818181818182
143,13,31,3,100,3,76.92307692307693,2.3846153846153846,0.23076923076923078,3.1
144,19,26,2,100,8,57.89473684210527,1.368421052631579,0.10526315789473684,2.3636363636363638
145,14,56,20,85.71428571428572,0,85.71428571428571,4,1.4285714285714286,4.666666666666667
146,18,65,5,94.44444444444444,0,94.44444444444444,3.611111111111111,0.2777777777777778,3.823529411764706
147,13,34,0,100,4,69.23076923076923,2.6153846153846154,0,3.7777777777777777
148,13,59,9,100,0,100,4.538461538461538,0.6923076923076923,4.538461538461538
149,19,84,2,94.73684210526316,0,94.73684210526315,4.421052631578948,0.10526315789473684,4.666666666666667
150,14,57,5,85.71428571428572,0,85.71428571428571,4.071428571428571,0.35714285714285715,4.75
151,15,11,0,80,7,33.33333333333333,0.7333333333333333,0,2.2
152,23,68,1,100,1,95.65217391304348,2.9565217391304346,0.043478260869565216,3.090909090909091
153,16,47,9,68.75,1,62.5,2.9375,0.5625,4.7
154,25,72,24,80,4,64,2.88,0.96,4.5
155,31,165,70,96.7741935483871,0,96.7741935483871,5.32258064516129,2.2580645161290325,5.5
156,15,27,2,100,4,73.33333333333333,1.8,0.13333333333333333,2.4545454545454546
157,25,124,97,92,0,92,4.96,3.88,5.391304347826087
158,19,73,10,100,1,94.73684210526315,3.8421052631578947,0.5263157894736842,4.055555555555555
159,23,115,51,91.30434782608697,0,91.30434782608695,5,2.217391304347826,5.476190476190476
160,25,114,109,88,0,88,4.56,4.36,5.181818181818182
161,24,80,14,87.5,2,79.16666666666666,3.3333333333333335,0.5833333333333334,4.2105263157894735
162,13,41,44,84.61538461538461,0,84.61538461538461,3.1538461538461537,3.3846153846153846,3.727272727272727
163,16,60,6,100,1,93.75,3.75,0.375,4
164,12,60,1,100,0,100,5,0.08333333333333333,5
165,17,44,0,100,0,100,2.588235294117647,0,2.588235294117647
166,20,43,0,95,3,80,2.15,0,2.6875
167,18,87,44,77.77777777777779,0,77.77777777777779,4.833333333333333,2.4444444444444446,6.214285714285714
168,21,81,16,95.23809523809523,1,90.47619047619048,3.857142857142857,0.7619047619047619,4.2631578947368425
169,18,17,7,50,2,38.88888888888889,0.9444444444444444,0.3888888888888889,2.4285714285714284
170,18,36,2,83.33333333333334,4,61.111111111111114,2,0.1111111111111111,3.272727272727273
171,25,50,0,92,4,76,2,0,2.6315789473684212
172,20,65,52,70,0,70,3.25,2.6,4.642857142857143
173,26,96,22,73.07692307692308,0,73.07692307692307,3.6923076923076925,0.8461538461538461,5.052631578947368
174,19,67,10,100,2,89.47368421052632,3.526315789473684,0.5263157894736842,3.9411764705882355
175,14,72,36,100,0,100,5.142857142857143,2.5714285714285716,5.142857142857143
176,15,42,1,100,2,86.66666666666667,2.8,0.06666666666666667,3.230769230769231
177,12,57,15,100,1,91.66666666666666,4.75,1.25,5.181818181818182
178,19,76,15,100,0,100,4,0.7894736842105263,4
179,19,69,21,84.21052631578947,0,84.21052631578947,3.6315789473684212,1.105263157894737,4.3125
180,18,57,1,83.33333333333334,0,83.33333333333334,3.1666666666666665,0.05555555555555555,3.8
181,18,101,58,94.44444444444444,0,94.44444444444444,5.611111111111111,3.2222222222222223,5.9411764705882355
182,13,42,43,92.3076923076923,0,92.3076923076923,3.230769230769231,3.3076923076923075,3.5
183,17,61,54,88.23529411764706,0,88.23529411764706,3.588235294117647,3.176470588235294,4.066666666666666
184,18,76,27,94.44444444444444,0,94.44444444444444,4.222222222222222,1.5,4.470588235294118
185,26,103,24,84.61538461538461,1,80.76923076923077,3.9615384615384617,0.9230769230769231,4.904761904761905
186,23,90,23,73.91304347826086,0,73.91304347826086,3.9130434782608696,1,5.294117647058823
187,32,133,12,75,0,75,4.15625,0.375,5.541666666666667
188,30,69,15,93.33333333333333,7,70,2.3,0.5,3.2857142857142856
189,21,72,8,90.47619047619048,1,85.71428571428571,3.4285714285714284,0.38095238095238093,4
190,21,54,6,100,0,100,2.5714285714285716,0.2857142857142857,2.5714285714285716
191,22,88,22,86.36363636363636,0,86.36363636363636,4,1,4.631578947368421
192,11,51,9,100,1,90.9090909090909,4.636363636363637,0.8181818181818182,5.1
193,23,125,102,82.6086956521739,0,82.6086956521739,5.434782608695652,4.434782608695652,6.578947368421052
194,15,74,22,100,0,100,4.933333333333334,1.4666666666666666,4.933333333333334
195,14,66,8,100,0,100,4.714285714285714,0.5714285714285714,4.714285714285714
196,19,48,34,68.42105263157895,1,63.1578947368421,2.526315789473684,1.7894736842105263,4
197,18,59,8,100,1,94.44444444444444,3.2777777777777777,0.4444444444444444,3.4705882352941178
198,15,42,2,93.33333333333333,0,93.33333333333333,2.8,0.13333333333333333,3
199,16,59,27,81.25,0,81.25,3.6875,1.6875,4.538461538461538
200,16,76,32,81.25,0,81.25,4.75,2,5.846153846153846
201,13,61,14,100,0,100,4.6923076923076925,1.0769230769230769,4.6923076923076925
202,15,49,1,93.33333333333333,0,93.33333333333333,3.2666666666666666,0.06666666666666667,3.5
203,17,64,19,100,0,100,3.764705882352941,1.1176470588235294,3.764705882352941
204,15,15,0,93.33333333333333,5,60,1,0,1.6666666666666667
205,15,70,37,93.33333333333333,0,93.33333333333333,4.666666666666667,2.466666666666667,5
206,17,90,70,100,0,100,5.294117647058823,4.117647058823529,5.294117647058823
207,13,50,60,76.92307692307692,0,76.92307692307693,3.8461538461538463,4.615384615384615,5
208,14,72,16,100,0,100,5.142857142857143,1.1428571428571428,5.142857142857143
209,17,85,23,94.11764705882352,0,94.11764705882352,5,1.3529411764705883,5.3125
210,18,38,5,100,8,55.55555555555556,2.111111111111111,0.2777777777777778,3.8
211,20,91,16,100,0,100,4.55,0.8,4.55
212,15,60,9,80,0,80,4,0.6,5
213,13,37,13,76.92307692307692,3,53.84615384615385,2.8461538461538463,1,5.285714285714286
214,13,31,0,100,3,76.92307692307693,2.3846153846153846,0,3.1
215,20,60,6,100,3,85,3,0.3,3.5294117647058822
216,18,87,78,94.44444444444444,0,94.44444444444444,4.833333333333333,4.333333333333333,5.117647058823529
217,37,190,155,81.08108108108108,0,81.08108108108108,5.135135135135135,4.1891891891891895,6.333333333333333
218,11,41,6,100,0,100,3.727272727272727,0.5454545454545454,3.727272727272727
219,21,24,2,95.23809523809523,9,52.38095238095239,1.1428571428571428,0.09523809523809523,2.1818181818181817
220,21,95,23,85.71428571428572,0,85.71428571428571,4.523809523809524,1.0952380952380953,5.277777777777778
221,23,29,5,86.95652173913044,11,39.130434782608695,1.2608695652173914,0.21739130434782608,3.2222222222222223
222,12,32,5,100,1,91.66666666666666,2.6666666666666665,0.4166666666666667,2.909090909090909
223,17,79,7,100,0,100,4.647058823529412,0.4117647058823529,4.647058823529412
224,15,59,7,86.66666666666667,1,80,3.933333333333333,0.4666666666666667,4.916666666666667
225,23,106,53,86.95652173913044,0,86.95652173913044,4.608695652173913,2.3043478260869565,5.3
226,18,83,55,88.88888888888889,0,88.88888888888889,4.611111111111111,3.0555555555555554,5.1875
227,13,49,34,92.3076923076923,0,92.3076923076923,3.769230769230769,2.6153846153846154,4.083333333333333
228,20,101,68,100,0,100,5.05,3.4,5.05
229,13,20,4,76.92307692307692,2,61.53846153846154,1.5384615384615385,0.3076923076923077,2.5
230,18,78,18,83.33333333333334,0,83.33333333333334,4.333333333333333,1,5.2
231,12,53,20,100,0,100,4.416666666666667,1.6666666666666667,4.416666666666667
232,24,46,6,79.16666666666666,8,45.83333333333333,1.9166666666666667,0.25,4.181818181818182
233,15,67,11,93.33333333333333,0,93.33333333333333,4.466666666666667,0.7333333333333333,4.785714285714286
234,13,58,9,100,0,100,4.461538461538462,0.6923076923076923,4.461538461538462
235,13,32,1,100,1,92.3076923076923,2.4615384615384617,0.07692307692307693,2.6666666666666665
236,14,85,2,100,0,100,6.071428571428571,0.14285714285714285,6.071428571428571
237,17,33,4,94.11764705882352,4,70.58823529411765,1.9411764705882353,0.23529411764705882,2.75
238,14,6,1,100,9,35.714285714285715,0.42857142857142855,0.07142857142857142,1.2
239,19,54,28,89.47368421052632,0,89.47368421052632,2.8421052631578947,1.4736842105263157,3.176470588235294
240,22,116,59,100,0,100,5.2727272727272725,2.6818181818181817,5.2727272727272725
241,14,65,16,100,0,100,4.642857142857143,1.1428571428571428,4.642857142857143
242,21,20,1,90.47619047619048,7,57.14285714285714,0.9523809523809523,0.047619047619047616,1.6666666666666667
243,18,71,46,100,3,83.33333333333334,3.9444444444444446,2.5555555555555554,4.733333333333333
244,18,27,2,94.44444444444444,6,61.111111111111114,1.5,0.1111111111111111,2.4545454545454546
245,19,38,27,94.73684210526316,5,68.42105263157895,2,1.4210526315789473,2.923076923076923
246,20,94,37,95,0,95,4.7,1.85,4.947368421052632
247,19,38,4,84.21052631578947,2,73.68421052631578,2,0.21052631578947367,2.7142857142857144
248,15,48,4,100,2,86.66666666666667,3.2,0.26666666666666666,3.6923076923076925
249,18,65,54,72.22222222222221,0,72.22222222222221,3.611111111111111,3,5
250,21,63,39,80.95238095238095,1,76.19047619047619,3,1.8571428571428572,3.9375
251,18,65,28,66.66666666666667,0,66.66666666666666,3.611111111111111,1.5555555555555556,5.416666666666667
252,18,63,71,72.22222222222221,0,72.22222222222221,3.5,3.9444444444444446,4.846153846153846
253,24,40,5,91.66666666666666,8,58.333333333333336,1.6666666666666667,0.20833333333333334,2.857142857142857
254,17,96,33,94.11764705882352,0,94.11764705882352,5.647058823529412,1.9411764705882353,6
255,17,36,4,94.11764705882352,2,82.35294117647058,2.1176470588235294,0.23529411764705882,2.5714285714285716
256,15,79,8,86.66666666666667,0,86.66666666666667,5.266666666666667,0.5333333333333333,6.076923076923077
257,14,66,25,92.85714285714286,0,92.85714285714286,4.714285714285714,1.7857142857142858,5.076923076923077
258,16,61,50,62.5,0,62.5,3.8125,3.125,6.1
259,14,61,24,85.71428571428572,1,78.57142857142857,4.357142857142857,1.7142857142857142,5.545454545454546
260,25,103,47,88,0,88,4.12,1.88,4.681818181818182
261,27,107,61,81.4814814814815,0,81.48148148148148,3.962962962962963,2.259259259259259,4.863636363636363
262,18,78,50,88.88888888888889,0,88.88888888888889,4.333333333333333,2.7777777777777777,4.875
263,20,102,39,95,0,95,5.1,1.95,5.368421052631579
264,22,95,15,100,1,95.45454545454545,4.318181818181818,0.6818181818181818,4.523809523809524
265,16,74,42,100,0,100,4.625,2.625,4.625
266,22,87,72,81.81818181818181,0,81.81818181818183,3.9545454545454546,3.272727272727273,4.833333333333333
267,20,96,100,75,0,75,4.8,5,6.4
268,20,105,51,95,0,95,5.25,2.55,5.526315789473684
269,22,113,91,81.81818181818181,0,81.81818181818183,5.136363636363637,4.136363636363637,6.277777777777778
270,16,73,51,68.75,0,68.75,4.5625,3.1875,6.636363636363637
271,21,119,113,95.23809523809523,0,95.23809523809523,5.666666666666667,5.380952380952381,5.95
272,14,29,8,85.71428571428572,4,57.14285714285714,2.0714285714285716,0.5714285714285714,3.625
273,12,30,0,100,2,83.33333333333334,2.5,0,3
274,23,92,95,86.95652173913044,0,86.95652173913044,4,4.130434782608695,4.6
275,25,77,11,88,2,80,3.08,0.44,3.85
276,20,72,5,85,2,75,3.6,0.25,4.8
277,19,100,42,100,0,100,5.2631578947368425,2.210526315789474,5.2631578947368425
278,21,20,5,100,8,61.904761904761905,0.9523809523809523,0.23809523809523808,1.5384615384615385
279,20,24,5,95,8,55.00000000000001,1.2,0.25,2.1818181818181817
280,21,125,42,95.23809523809523,0,95.23809523809523,5.9523809523809526,2,6.25
282,23,108,33,91.30434782608697,0,91.30434782608695,4.695652173913044,1.434782608695652,5.142857142857143
283,22,72,28,72.72727272727273,3,59.09090909090909,3.272727272727273,1.2727272727272727,5.538461538461538
284,27,64,1,96.2962962962963,0,96.29629629629629,2.3703703703703702,0.037037037037037035,2.4615384615384617
285,22,136,52,100,0,100,6.181818181818182,2.3636363636363638,6.181818181818182
286,15,59,30,100,1,93.33333333333333,3.933333333333333,2,4.214285714285714
287,21,61,17,100,0,100,2.9047619047619047,0.8095238095238095,2.9047619047619047
288,27,102,77,100,3,88.88888888888889,3.7777777777777777,2.8518518518518516,4.25
289,19,102,80,94.73684210526316,0,94.73684210526315,5.368421052631579,4.2105263157894735,5.666666666666667
290,22,72,37,95.45454545454545,1,90.9090909090909,3.272727272727273,1.6818181818181819,3.6
291,17,83,71,82.35294117647058,0,82.35294117647058,4.882352941176471,4.176470588235294,5.928571428571429
292,24,116,74,100,0,100,4.833333333333333,3.0833333333333335,4.833333333333333
294,18,109,54,94.44444444444444,0,94.44444444444444,6.055555555555555,3,6.411764705882353
295,22,106,50,100,1,95.45454545454545,4.818181818181818,2.272727272727273,5.0476190476190474
296,19,73,22,89.47368421052632,1,84.21052631578947,3.8421052631578947,1.1578947368421053,4.5625
297,15,80,43,86.66666666666667,0,86.66666666666667,5.333333333333333,2.8666666666666667,6.153846153846154
298,18,106,50,100,0,100,5.888888888888889,2.7777777777777777,5.888888888888889
299,21,41,14,95.23809523809523,9,52.38095238095239,1.9523809523809523,0.6666666666666666,3.727272727272727
300,18,33,0,88.88888888888889,6,55.55555555555556,1.8333333333333333,0,3.3
301,21,74,59,76.19047619047619,0,76.19047619047619,3.5238095238095237,2.8095238095238093,4.625
302,23,93,80,69.56521739130434,1,65.21739130434783,4.043478260869565,3.4782608695652173,6.2
303,24,101,37,100,2,91.66666666666666,4.208333333333333,1.5416666666666667,4.590909090909091
304,18,58,10,88.88888888888889,2,77.77777777777779,3.2222222222222223,0.5555555555555556,4.142857142857143
305,20,43,6,95,8,55.00000000000001,2.15,0.3,3.909090909090909
306,17,42,6,100,1,94.11764705882352,2.4705882352941178,0.35294117647058826,2.625
307,25,95,21,84,1,80,3.8,0.84,4.75
308,22,71,1,100,0,100,3.227272727272727,0.045454545454545456,3.227272727272727
309,25,134,39,92,0,92,5.36,1.56,5.826086956521739
310,24,105,26,91.66666666666666,0,91.66666666666666,4.375,1.0833333333333333,4.7727272727272725
312,20,42,13,70,2,60,2.1,0.65,3.5
313,20,83,53,100,0,100,4.15,2.65,4.15
314,20,83,33,90,0,90,4.15,1.65,4.611111111111111
315,19,78,76,84.21052631578947,0,84.21052631578947,4.105263157894737,4,4.875
316,20,83,31,90,1,85,4.15,1.55,4.882352941176471
317,17,80,18,94.11764705882352,0,94.11764705882352,4.705882352941177,1.0588235294117647,5
318,14,51,4,100,1,92.85714285714286,3.642857142857143,0.2857142857142857,3.923076923076923
319,17,57,37,82.35294117647058,0,82.35294117647058,3.3529411764705883,2.176470588235294,4.071428571428571
320,15,10,0,93.33333333333333,8,40,0.6666666666666666,0,1.6666666666666667
321,19,86,45,78.94736842105263,0,78.94736842105263,4.526315789473684,2.3684210526315788,5.733333333333333
322,27,130,136,70.37037037037037,0,70.37037037037037,4.814814814814815,5.037037037037037,6.842105263157895
323,20,29,3,85,3,70,1.45,0.15,2.0714285714285716
324,18,67,0,100,0,100,3.7222222222222223,0,3.7222222222222223
325,16,65,68,81.25,0,81.25,4.0625,4.25,5
326,19,114,47,100,0,100,6,2.473684210526316,6
327,17,15,0,94.11764705882352,10,35.294117647058826,0.8823529411764706,0,2.5
328,15,76,78,86.66666666666667,0,86.66666666666667,5.066666666666666,5.2,5.846153846153846
329,21,73,6,90.47619047619048,1,85.71428571428571,3.4761904761904763,0.2857142857142857,4.055555555555555
330,18,40,2,94.44444444444444,6,61.111111111111114,2.2222222222222223,0.1111111111111111,3.6363636363636362
331,18,93,38,94.44444444444444,0,94.44444444444444,5.166666666666667,2.111111111111111,5.470588235294118
332,20,71,11,95,0,95,3.55,0.55,3.736842105263158
333,20,62,19,100,2,90,3.1,0.95,3.4444444444444446
334,19,87,35,89.47368421052632,0,89.47368421052632,4.578947368421052,1.8421052631578947,5.117647058823529
335,15,57,31,93.33333333333333,1,86.66666666666667,3.8,2.066666666666667,4.384615384615385
336,18,49,0,100,0,100,2.7222222222222223,0,2.7222222222222223
337,11,56,36,90.9090909090909,0,90.9090909090909,5.090909090909091,3.272727272727273,5.6
338,14,80,28,92.85714285714286,0,92.85714285714286,5.714285714285714,2,6.153846153846154
339,21,89,16,85.71428571428572,0,85.71428571428571,4.238095238095238,0.7619047619047619,4.944444444444445
340,19,67,13,100,1,94.73684210526315,3.526315789473684,0.6842105263157895,3.7222222222222223
341,19,87,8,94.73684210526316,1,89.47368421052632,4.578947368421052,0.42105263157894735,5.117647058823529
342,19,97,43,94.73684210526316,0,94.73684210526315,5.105263157894737,2.263157894736842,5.388888888888889
343,17,80,78,88.23529411764706,0,88.23529411764706,4.705882352941177,4.588235294117647,5.333333333333333
344,23,62,0,100,0,100,2.6956521739130435,0,2.6956521739130435
345,20,72,20,95,0,95,3.6,1,3.789473684210526
346,13,37,6,84.61538461538461,2,69.23076923076923,2.8461538461538463,0.46153846153846156,4.111111111111111
347,16,48,2,93.75,1,87.5,3,0.125,3.4285714285714284
348,17,88,32,100,0,100,5.176470588235294,1.8823529411764706,5.176470588235294
349,20,99,74,95,0,95,4.95,3.7,5.2105263157894735
350,14,11,0,92.85714285714286,7,42.857142857142854,0.7857142857142857,0,1.8333333333333333
351,21,95,50,90.47619047619048,0,90.47619047619048,4.523809523809524,2.380952380952381,5
352,20,75,16,100,1,95,3.75,0.8,3.9473684210526314
353,15,68,26,100,0,100,4.533333333333333,1.7333333333333334,4.533333333333333
354,17,42,4,100,1,94.11764705882352,2.4705882352941178,0.23529411764705882,2.625
355,18,68,13,94.44444444444444,1,88.88888888888889,3.7777777777777777,0.7222222222222222,4.25
356,19,69,26,89.47368421052632,1,84.21052631578947,3.6315789473684212,1.368421052631579,4.3125
357,21,82,43,76.19047619047619,0,76.19047619047619,3.9047619047619047,2.0476190476190474,5.125
358,23,111,102,73.91304347826086,0,73.91304347826086,4.826086956521739,4.434782608695652,6.529411764705882
359,19,71,73,73.6842105263158,0,73.68421052631578,3.736842105263158,3.8421052631578947,5.071428571428571
360,25,121,73,100,0,100,4.84,2.92,4.84
361,14,16,0,85.71428571428572,5,50,1.1428571428571428,0,2.2857142857142856
362,25,21,0,72,10,32,0.84,0,2.625
363,24,39,8,83.33333333333334,6,58.333333333333336,1.625,0.3333333333333333,2.7857142857142856
364,22,93,41,90.9090909090909,0,90.9090909090909,4.2272727272727275,1.8636363636363635,4.65
365,15,40,20,73.33333333333334,0,73.33333333333333,2.6666666666666665,1.3333333333333333,3.6363636363636362
366,16,40,3,87.5,1,81.25,2.5,0.1875,3.076923076923077
367,15,60,28,86.66666666666667,1,80,4,1.8666666666666667,5
368,24,71,11,100,0,100,2.9583333333333335,0.4583333333333333,2.9583333333333335
369,19,91,19,94.73684210526316,0,94.73684210526315,4.7894736842105265,1,5.055555555555555
370,28,136,74,85.71428571428572,0,85.71428571428571,4.857142857142857,2.642857142857143,5.666666666666667
371,18,80,40,83.33333333333334,0,83.33333333333334,4.444444444444445,2.2222222222222223,5.333333333333333
372,18,87,11,100,0,100,4.833333333333333,0.6111111111111112,4.833333333333333
373,18,94,52,94.44444444444444,0,94.44444444444444,5.222222222222222,2.888888888888889,5.529411764705882
374,24,46,0,54.16666666666667,1,50,1.9166666666666667,0,3.8333333333333335
375,17,85,14,100,0,100,5,0.8235294117647058,5
376,33,149,110,75.75757575757575,0,75.75757575757575,4.515151515151516,3.3333333333333335,5.96
377,18,52,4,94.44444444444444,2,83.33333333333334,2.888888888888889,0.2222222222222222,3.466666666666667
378,15,40,6,100,1,93.33333333333333,2.6666666666666665,0.4,2.857142857142857
379,18,83,23,94.44444444444444,0,94.44444444444444,4.611111111111111,1.2777777777777777,4.882352941176471
380,21,88,20,100,1,95.23809523809523,4.190476190476191,0.9523809523809523,4.4
381,17,41,6,100,3,82.35294117647058,2.411764705882353,0.35294117647058826,2.9285714285714284
382,16,38,0,100,0,100,2.375,0,2.375
383,26,89,74,92.3076923076923,2,84.61538461538461,3.423076923076923,2.8461538461538463,4.045454545454546
384,20,62,4,95,2,85,3.1,0.2,3.6470588235294117
385,20,51,1,100,1,95,2.55,0.05,2.6842105263157894
386,20,68,5,100,0,100,3.4,0.25,3.4
387,22,100,55,95.45454545454545,1,90.9090909090909,4.545454545454546,2.5,5
388,16,34,13,75,1,68.75,2.125,0.8125,3.090909090909091
389,15,22,15,46.666666666666664,0,46.666666666666664,1.4666666666666666,1,3.142857142857143
390,15,88,53,100,0,100,5.866666666666666,3.533333333333333,5.866666666666666
391,12,57,47,91.66666666666666,0,91.66666666666666,4.75,3.9166666666666665,5.181818181818182
392,17,91,40,100,0,100,5.352941176470588,2.3529411764705883,5.352941176470588
393,21,27,7,76.19047619047619,6,47.61904761904761,1.2857142857142858,0.3333333333333333,2.7
394,14,13,0,50,1,42.857142857142854,0.9285714285714286,0,2.1666666666666665
395,21,126,114,95.23809523809523,0,95.23809523809523,6,5.428571428571429,6.3
396,18,79,40,88.88888888888889,0,88.88888888888889,4.388888888888889,2.2222222222222223,4.9375
397,25,86,42,96,1,92,3.44,1.68,3.739130434782609
398,19,53,8,100,1,94.73684210526315,2.789473684210526,0.42105263157894735,2.9444444444444446
399,13,37,9,100,0,100,2.8461538461538463,0.6923076923076923,2.8461538461538463
400,22,67,18,95.45454545454545,1,90.9090909090909,3.0454545454545454,0.8181818181818182,3.35
401,27,106,45,96.2962962962963,1,92.5925925925926,3.925925925925926,1.6666666666666667,4.24
402,23,75,44,78.26086956521739,0,78.26086956521739,3.260869565217391,1.9130434782608696,4.166666666666667
403,22,26,3,63.63636363636363,5,40.909090909090914,1.1818181818181819,0.13636363636363635,2.888888888888889
404,15,29,17,60,0,60,1.9333333333333333,1.1333333333333333,3.2222222222222223
405,25,84,74,88,0,88,3.36,2.96,3.8181818181818183
406,24,101,42,95.83333333333334,0,95.83333333333334,4.208333333333333,1.75,4.391304347826087
407,24,43,5,100,5,79.16666666666666,1.7916666666666667,0.20833333333333334,2.263157894736842
408,14,69,45,92.85714285714286,0,92.85714285714286,4.928571428571429,3.2142857142857144,5.3076923076923075
409,19,110,33,100,0,100,5.7894736842105265,1.736842105263158,5.7894736842105265
410,30,99,44,76.66666666666666,2,70,3.3,1.4666666666666666,4.714285714285714
411,12,11,4,100,7,41.66666666666667,0.9166666666666666,0.3333333333333333,2.2
412,20,75,63,70,0,70,3.75,3.15,5.357142857142857
413,18,71,24,100,3,83.33333333333334,3.9444444444444446,1.3333333333333333,4.733333333333333
414,16,46,5,87.5,1,81.25,2.875,0.3125,3.5384615384615383
415,15,17,0,86.66666666666667,5,53.333333333333336,1.1333333333333333,0,2.125
416,17,76,31,94.11764705882352,0,94.11764705882352,4.470588235294118,1.8235294117647058,4.75
417,14,41,9,85.71428571428572,2,71.42857142857143,2.9285714285714284,0.6428571428571429,4.1
418,16,41,19,100,3,81.25,2.5625,1.1875,3.1538461538461537
419,15,51,14,93.33333333333333,3,73.33333333333333,3.4,0.9333333333333333,4.636363636363637
420,12,62,32,100,0,100,5.166666666666667,2.6666666666666665,5.166666666666667
421,20,93,31,95,0,95,4.65,1.55,4.894736842105263
422,21,106,74,95.23809523809523,0,95.23809523809523,5.0476190476190474,3.5238095238095237,5.3
423,17,72,67,88.23529411764706,0,88.23529411764706,4.235294117647059,3.9411764705882355,4.8
424,22,101,89,77.27272727272727,0,77.27272727272727,4.590909090909091,4.045454545454546,5.9411764705882355
425,19,60,7,94.73684210526316,1,89.47368421052632,3.1578947368421053,0.3684210526315789,3.5294117647058822
426,20,67,26,90,1,85,3.35,1.3,3.9411764705882355
427,18,62,70,72.22222222222221,0,72.22222222222221,3.4444444444444446,3.888888888888889,4.769230769230769
428,15,38,0,93.33333333333333,1,86.66666666666667,2.533333333333333,0,2.923076923076923
429,16,72,8,100,0,100,4.5,0.5,4.5
430,21,116,66,95.23809523809523,0,95.23809523809523,5.523809523809524,3.142857142857143,5.8
431,21,88,44,100,0,100,4.190476190476191,2.0952380952380953,4.190476190476191
432,15,66,84,93.33333333333333,0,93.33333333333333,4.4,5.6,4.714285714285714
433,13,54,49,92.3076923076923,0,92.3076923076923,4.153846153846154,3.769230769230769,4.5
434,22,29,2,100,12,45.45454545454545,1.3181818181818181,0.09090909090909091,2.9
435,24,77,8,95.83333333333334,2,87.5,3.2083333333333335,0.3333333333333333,3.6666666666666665
436,17,47,3,94.11764705882352,2,82.35294117647058,2.764705882352941,0.17647058823529413,3.357142857142857
437,14,56,3,100,1,92.85714285714286,4,0.21428571428571427,4.3076923076923075
438,11,30,2,100,0,100,2.727272727272727,0.18181818181818182,2.727272727272727
439,13,58,4,100,0,100,4.461538461538462,0.3076923076923077,4.461538461538462
440,16,59,5,100,2,87.5,3.6875,0.3125,4.214285714285714
441,18,88,62,83.33333333333334,0,83.33333333333334,4.888888888888889,3.4444444444444446,5.866666666666666
442,12,42,11,100,1,91.66666666666666,3.5,0.9166666666666666,3.8181818181818183
443,21,80,75,90.47619047619048,1,85.71428571428571,3.8095238095238093,3.5714285714285716,4.444444444444445
444,14,67,0,100,0,100,4.785714285714286,0,4.785714285714286
445,20,97,33,90,0,90,4.85,1.65,5.388888888888889
446,19,89,25,84.21052631578947,0,84.21052631578947,4.684210526315789,1.3157894736842106,5.5625
447,19,85,54,78.94736842105263,0,78.94736842105263,4.473684210526316,2.8421052631578947,5.666666666666667
448,32,100,76,62.5,0,62.5,3.125,2.375,5
449,21,100,79,100,0,100,4.761904761904762,3.761904761904762,4.761904761904762
450,16,40,6,87.5,3,68.75,2.5,0.375,3.6363636363636362
451,19,102,49,89.47368421052632,0,89.47368421052632,5.368421052631579,2.5789473684210527,6
452,18,84,35,94.44444444444444,0,94.44444444444444,4.666666666666667,1.9444444444444444,4.9411764705882355
453,26,81,26,92.3076923076923,2,84.61538461538461,3.1153846153846154,1,3.6818181818181817
454,24,91,40,91.66666666666666,0,91.66666666666666,3.7916666666666665,1.6666666666666667,4.136363636363637
455,17,3,0,70.58823529411764,10,11.76470588235294,0.17647058823529413,0,1.5
456,21,76,18,95.23809523809523,0,95.23809523809523,3.619047619047619,0.8571428571428571,3.8
457,14,51,6,100,0,100,3.642857142857143,0.42857142857142855,3.642857142857143
458,17,1,0,41.17647058823529,6,5.88235294117647,0.058823529411764705,0,1
459,21,116,27,100,0,100,5.523809523809524,1.2857142857142858,5.523809523809524
460,14,20,1,100,6,57.14285714285714,1.4285714285714286,0.07142857142857142,2.5
461,14,25,5,92.85714285714286,6,50,1.7857142857142858,0.35714285714285715,3.5714285714285716
462,17,47,10,100,0,100,2.764705882352941,0.5882352941176471,2.764705882352941
463,23,87,13,91.30434782608697,1,86.95652173913044,3.782608695652174,0.5652173913043478,4.35
464,17,88,72,82.35294117647058,0,82.35294117647058,5.176470588235294,4.235294117647059,6.285714285714286
465,23,87,20,100,2,91.30434782608695,3.782608695652174,0.8695652173913043,4.142857142857143
466,17,86,13,94.11764705882352,0,94.11764705882352,5.0588235294117645,0.7647058823529411,5.375
467,19,83,33,94.73684210526316,1,89.47368421052632,4.368421052631579,1.736842105263158,4.882352941176471
468,13,39,18,92.3076923076923,0,92.3076923076923,3,1.3846153846153846,3.25
469,22,124,92,90.9090909090909,0,90.9090909090909,5.636363636363637,4.181818181818182,6.2
470,17,75,18,94.11764705882352,1,88.23529411764706,4.411764705882353,1.0588235294117647,5
471,17,84,14,94.11764705882352,0,94.11764705882352,4.9411764705882355,0.8235294117647058,5.25
472,18,84,73,88.88888888888889,0,88.88888888888889,4.666666666666667,4.055555555555555,5.25
473,25,140,78,100,0,100,5.6,3.12,5.6
474,24,66,17,91.66666666666666,4,75,2.75,0.7083333333333334,3.6666666666666665
475,16,71,46,87.5,0,87.5,4.4375,2.875,5.071428571428571
476,16,63,53,68.75,0,68.75,3.9375,3.3125,5.7272727272727275
477,15,61,62,93.33333333333333,0,93.33333333333333,4.066666666666666,4.133333333333334,4.357142857142857
478,16,65,21,93.75,2,81.25,4.0625,1.3125,5
479,19,38,1,94.73684210526316,3,78.94736842105263,2,0.05263157894736842,2.533333333333333
480,14,42,4,100,0,100,3,0.2857142857142857,3
